{
    "width": 1280,
    "height": 720,
    "intrinsic_matrix": [
        908.3922729492188,
        0,
        0,
        0,
        906.0074462890625,
        0,
        628.3180541992188,
        361.17724609375,
        1
    ]
}
